codigo_da_postagem,nome_portal,texto_da_postagem,texto_do_comentario
1-1,@usuario_do_post,"jackie daytona
@kayfabekaiju
Â·
12h
The Handmaiden is elite
39","baldurâ€™s gayte
@themaiker_
Â·
20h
The handmaiden??? She knows ball
142"
1-2,@usuario_do_post,"jackie daytona
@kayfabekaiju
Â·
12h
The Handmaiden is elite
39","LOUD
@LOUDgg
Ad
Ela renasceu. Mais ousada. Mais nossa. 

Uma nova era estÃ¡ prestes a comeÃ§ar. VocÃª vem?
From short.gy
28
343K"
1-3,@usuario_do_post,"jackie daytona
@kayfabekaiju
Â·
12h
The Handmaiden is elite
39","ãŸã 
@cfokyo
Â·
19h
Arrival is so forgotten im glad to see a celebrity appreciates it
1
206"
1-4,@usuario_do_post,"jackie daytona
@kayfabekaiju
Â·
12h
The Handmaiden is elite
39","ğ–«ğ—‚ğ—…ğ—’-ğ–©ğ–ºğ—‡ğ–¾,
@herwindingroad
Â·
21h
La amo.
106"
1-5,@usuario_do_post,"jackie daytona
@kayfabekaiju
Â·
12h
The Handmaiden is elite
39","sam
@wondruslangu1do
Â·
19h
ARRIVAL IS MY FAVORITE TOO
1
48"
1-6,@usuario_do_post,"jackie daytona
@kayfabekaiju
Â·
12h
The Handmaiden is elite
39","worm
@send2davidlynch
Â·
8h
of course her taste is impeccable 
34"
1-7,@usuario_do_post,"jackie daytona
@kayfabekaiju
Â·
12h
The Handmaiden is elite
39","swim
@ybtweetz
Â·
18h
YASSSS THE HANDMAIDEN SWEEPS!! I hate how I mention it to anyone and they always go 'you mean the show?' 
1
305"
1-8,@usuario_do_post,"jackie daytona
@kayfabekaiju
Â·
12h
The Handmaiden is elite
39","ğ“ƒ®ğ˜›ğ˜¢ğ˜µğ˜¢ğ˜£ğ˜°ğ˜¹ğ“‹¼ğ–¤£ğ–¥§
@tarsianunes
Â·
20h
Arrival is the precious jewelry of my fav director 
130"
1-9,@usuario_do_post,"jackie daytona
@kayfabekaiju
Â·
12h
The Handmaiden is elite
39","the kid
@RiveraOscar_1
Â·
21h
elite picks
172"
1-10,@usuario_do_post,"jackie daytona
@kayfabekaiju
Â·
12h
The Handmaiden is elite
39","Mary Lame
@mymerryway
Â·
14h
arrival gang!
47"
1-11,@usuario_do_post,"jackie daytona
@kayfabekaiju
Â·
12h
The Handmaiden is elite
39","ã¾ã˜ã‚ãªè³ªå±‹ã‚«ãƒ‰ãƒè³ªåº—
@kadono78
Ad
é‡‘ã®é«˜é¡è²·å–æ—¥æœ¬ä¸€ã«æŒ‘æˆ¦ä¸­ã§ã™ã€‚é«˜ä¾¡è²·å–ã‹ã‚‰ã‚¤ãƒ³ã‚´ãƒƒãƒˆã®ç²¾éŒ¬ã¾ã§ï¼è²´é‡‘å±ã®äº‹ãªã‚‰ãŠä»»ã›ãã ã•ã„ã€‚
é‡‘ã®é«˜é¡è²·å–æ—¥æœ¬ä¸€ã«æŒ‘æˆ¦ä¸­ã€‚è±Šå¯Œãªè²·å–æŸ»å®šå®Ÿç¸¾ã§åˆã‚ã¦ã®æ–¹ã§ã‚‚å®‰å¿ƒã€‚ãŠæ°—è»½ã«ã”ç›¸è«‡ãã ã•ã„
From shichiya.jp
4
39
411K"
1-12,@usuario_do_post,"jackie daytona
@kayfabekaiju
Â·
12h
The Handmaiden is elite
39","manu
@luvbilliez
Â·
17h
Parody account
sabe mto
22"
1-13,@usuario_do_post,"jackie daytona
@kayfabekaiju
Â·
12h
The Handmaiden is elite
39","@_yearnlng
Â·
22h
looove her
1
119"
1-14,@usuario_do_post,"jackie daytona
@kayfabekaiju
Â·
12h
The Handmaiden is elite
39","king_of_gamberge
@KendriickLeHmar
Â·
20h
wsh câ€™est 
@rindobaiken
 !!
1
155"
1-15,@usuario_do_post,"jackie daytona
@kayfabekaiju
Â·
12h
The Handmaiden is elite
39","GUTS_ONLY SWORD
@KaimanBitAi
Â·
17h
Great list
42"
1-16,@usuario_do_post,"jackie daytona
@kayfabekaiju
Â·
12h
The Handmaiden is elite
39","Jordan Miller
@J0Millz
Â·
19h
Shoutout arrival
1
74"
1-17,@usuario_do_post,"jackie daytona
@kayfabekaiju
Â·
12h
The Handmaiden is elite
39","Keket
@cathalvi
Â·
17h
Favvvv 
36"
1-18,@usuario_do_post,"jackie daytona
@kayfabekaiju
Â·
12h
The Handmaiden is elite
39","Arian
@yayveryhappy
Â·
10h
Sheâ€™s so me fr fr
32"
1-19,@usuario_do_post,"jackie daytona
@kayfabekaiju
Â·
12h
The Handmaiden is elite
39","shailendra Gill
@shailendraGill
Â·
23h
Good picks by her 
290"
1-20,@usuario_do_post,"jackie daytona
@kayfabekaiju
Â·
12h
The Handmaiden is elite
39","à¹‹à£­ â­‘âš
@anandarlsss
Â·
12h
the handmaiden
19"
1-21,@usuario_do_post,"jackie daytona
@kayfabekaiju
Â·
12h
The Handmaiden is elite
39","mer â˜…
@20sevenofme
Â·
16h
Sheâ€™s just like me (i like the handmaiden too)
84"
1-22,@usuario_do_post,"jackie daytona
@kayfabekaiju
Â·
12h
The Handmaiden is elite
39","jake #TIFF50
@nuclearbrodcast
Â·
16h
correct
1
79"
1-23,@usuario_do_post,"jackie daytona
@kayfabekaiju
Â·
12h
The Handmaiden is elite
39","hi
@rllylikecinema
Â·
17h
Taste
63"
1-24,@usuario_do_post,"jackie daytona
@kayfabekaiju
Â·
12h
The Handmaiden is elite
39","Alejandra?
@a_ardnajela
Â·
1h
The hand maiden and in the mood for love  
9"
1-25,@usuario_do_post,"jackie daytona
@kayfabekaiju
Â·
12h
The Handmaiden is elite
39","kunpirsalata
@kunpirsalata
Â·
22h
nervira me Å¡ta mi se sviÄ‘a
1
104"
1-26,@usuario_do_post,"jackie daytona
@kayfabekaiju
Â·
12h
The Handmaiden is elite
39","Pablo
@pablonoestaa
Â·
4h
Almost Famous is very underated
25"
1-27,@usuario_do_post,"jackie daytona
@kayfabekaiju
Â·
12h
The Handmaiden is elite
39","TairaTime (Dom)
@KattarsKannon
Â·
18h
Almost famous is so good man
62"
1-28,@usuario_do_post,"jackie daytona
@kayfabekaiju
Â·
12h
The Handmaiden is elite
39","E
@rosenvase
Â·
19h
The Handmaiden. 
67"
1-29,@usuario_do_post,"jackie daytona
@kayfabekaiju
Â·
12h
The Handmaiden is elite
39","alcidia â˜†
@lilpookieshit
Â·
4h
oh she is so real
7"
1-30,@usuario_do_post,"jackie daytona
@kayfabekaiju
Â·
12h
The Handmaiden is elite
39","Tagle Tribe
@allegedlyethan
Â·
21h
Of course she knows ball
139"
1-31,@usuario_do_post,"jackie daytona
@kayfabekaiju
Â·
12h
The Handmaiden is elite
39","Marcus
@feitodepoeira
Ad
Feedback recente.  

Agende o seu Mapa VÃ©dico + PrevisÃµes:
LINK nos comentÃ¡rios
1
9
168
1M"
1-32,@usuario_do_post,"jackie daytona
@kayfabekaiju
Â·
12h
The Handmaiden is elite
39","alisson
@yasame_
Â·
18h
30"
1-33,@usuario_do_post,"jackie daytona
@kayfabekaiju
Â·
12h
The Handmaiden is elite
39","JOANthe
@Tanishqlm10
Â·
22h
In the mood for love 10/10 pick
175"
1-34,@usuario_do_post,"jackie daytona
@kayfabekaiju
Â·
12h
The Handmaiden is elite
39","Connieabsolutely
@CONNORM4RIE
Â·
Sep 8
legendary top 4
831"
1-35,@usuario_do_post,"jackie daytona
@kayfabekaiju
Â·
12h
The Handmaiden is elite
39","lemonade
@perdedora1996
Â·
20h
Elite picks
188"
1-36,@usuario_do_post,"jackie daytona
@kayfabekaiju
Â·
12h
The Handmaiden is elite
39","transeunte
@ah_eita
Â·
19h
The Handmaiden and In The Mood For Love, especially In The Mood For Love, these are outstanding films, excellent!
311"
1-37,@usuario_do_post,"jackie daytona
@kayfabekaiju
Â·
12h
The Handmaiden is elite
39","Mike Albanese
@MikeAlbanese
Â·
18h
Serious ball knower
25"
2-1,@usuario_do_post,"felipe.
@lipeswill
Â·
Sep 8
@thalyonfilm
 o #1
1
1.3K","Rick
@dryhustla
Â·
20h
i can marry her
37"
2-2,@usuario_do_post,"felipe.
@lipeswill
Â·
Sep 8
@thalyonfilm
 o #1
1
1.3K","SUPREME LEADER OF CARACAS
@icechail
Â·
23h
In the mood for love, taste
1
258"
2-3,@usuario_do_post,"felipe.
@lipeswill
Â·
Sep 8
@thalyonfilm
 o #1
1
1.3K","lesyeuxsansvisage
@adelaideelz
Â·
23h
anya pick the handmaiden as her fav film  my anya and taeri crumbs 
2
441"
2-4,@usuario_do_post,"felipe.
@lipeswill
Â·
Sep 8
@thalyonfilm
 o #1
1
1.3K","lars
@AinhoaMantler
Â·
19h
The handmaiden best movie ever created
93"
2-5,@usuario_do_post,"felipe.
@lipeswill
Â·
Sep 8
@thalyonfilm
 o #1
1
1.3K","Red Sleeves
@MistahJ_74
Â·
4h
What did she like about Almost Famous? Movie is awful
14"
2-6,@usuario_do_post,"felipe.
@lipeswill
Â·
Sep 8
@thalyonfilm
 o #1
1
1.3K","ritâ¸†â¸‰ğš
@vigilanterit
Â·
23h
kind of flawless
4
675"
2-7,@usuario_do_post,"felipe.
@lipeswill
Â·
Sep 8
@thalyonfilm
 o #1
1
1.3K","Metis
@MetisL2
Ad
Hyperionâ€™s launch campaign is kicking off with a series of incentivized activities!
Contribute, test, and be part of the conversation on the new Metis Forum for a chance to earn rewards.

Stay tuned â€” forum launching soon 
forum.ceg.vote
Hyperion
Hyperion Welcome to the Hyperion Forum â€“ our shared space where builders, investors, and users come together to learn, collaborate, and shape the Hyperion ecosystem.
14
6
119
991K"
2-8,@usuario_do_post,"felipe.
@lipeswill
Â·
Sep 8
@thalyonfilm
 o #1
1
1.3K","drums please, fabMV1
@parasollpilea
Â·
23h
The handmaiden, wow. Saw it in a small independent cinema in Stockholm. It was very good,  but the kind of movie I can only watch once.
4
600"
2-9,@usuario_do_post,"felipe.
@lipeswill
Â·
Sep 8
@thalyonfilm
 o #1
1
1.3K","JoeyMovieRank-Letterboxd
@EagleSaiyan
Â·
6h
What a great top 4
28"
2-10,@usuario_do_post,"felipe.
@lipeswill
Â·
Sep 8
@thalyonfilm
 o #1
1
1.3K","amal
@jjongscomet
Â·
22h
the handmaiden and arrival â€â€â€
4
393"
2-11,@usuario_do_post,"felipe.
@lipeswill
Â·
Sep 8
@thalyonfilm
 o #1
1
1.3K","Freng
@anormaldturno
Â·
2h
Almost Famous 
5"
2-12,@usuario_do_post,"felipe.
@lipeswill
Â·
Sep 8
@thalyonfilm
 o #1
1
1.3K","Nezucrow
@Nezucrow1
Â·
20h
Arrival, hell yeah
1
199"
2-13,@usuario_do_post,"felipe.
@lipeswill
Â·
Sep 8
@thalyonfilm
 o #1
1
1.3K","swim
@ybtweetz
Â·
18h
YASSSS THE HANDMAIDEN SWEEPS!! I hate how I mention it to anyone and they always go 'you mean the show?' 
1
305"
2-14,@usuario_do_post,"felipe.
@lipeswill
Â·
Sep 8
@thalyonfilm
 o #1
1
1.3K","é‹
@yat1el
Â·
7h
almost famous!?!? lets fucking goooo
38"
2-15,@usuario_do_post,"felipe.
@lipeswill
Â·
Sep 8
@thalyonfilm
 o #1
1
1.3K","jackie daytona
@kayfabekaiju
Â·
12h
The Handmaiden is elite
39"
2-16,@usuario_do_post,"felipe.
@lipeswill
Â·
Sep 8
@thalyonfilm
 o #1
1
1.3K","baldurâ€™s gayte
@themaiker_
Â·
20h
The handmaiden??? She knows ball
1
142"
2-17,@usuario_do_post,"felipe.
@lipeswill
Â·
Sep 8
@thalyonfilm
 o #1
1
1.3K","ãŸã 
@cfokyo
Â·
19h
Arrival is so forgotten im glad to see a celebrity appreciates it
1
206"
2-18,@usuario_do_post,"felipe.
@lipeswill
Â·
Sep 8
@thalyonfilm
 o #1
1
1.3K","ğ–«ğ—‚ğ—…ğ—’-ğ–©ğ–ºğ—‡ğ–¾,
@herwindingroad
Â·
21h
La amo.
106"
2-19,@usuario_do_post,"felipe.
@lipeswill
Â·
Sep 8
@thalyonfilm
 o #1
1
1.3K","sam
@wondruslangu1do
Â·
19h
ARRIVAL IS MY FAVORITE TOO
1
48"
2-20,@usuario_do_post,"felipe.
@lipeswill
Â·
Sep 8
@thalyonfilm
 o #1
1
1.3K","worm
@send2davidlynch
Â·
8h
of course her taste is impeccable 
34"
2-21,@usuario_do_post,"felipe.
@lipeswill
Â·
Sep 8
@thalyonfilm
 o #1
1
1.3K","buoyant forces
@buoyant444
Â·
23h
arrival ftw
1
89"
2-22,@usuario_do_post,"felipe.
@lipeswill
Â·
Sep 8
@thalyonfilm
 o #1
1
1.3K","ğ“ƒ®ğ˜›ğ˜¢ğ˜µğ˜¢ğ˜£ğ˜°ğ˜¹ğ“‹¼ğ–¤£ğ–¥§
@tarsianunes
Â·
20h
Arrival is the precious jewelry of my fav director 
130"
2-23,@usuario_do_post,"felipe.
@lipeswill
Â·
Sep 8
@thalyonfilm
 o #1
1
1.3K","the kid
@RiveraOscar_1
Â·
21h
elite picks
172"
2-24,@usuario_do_post,"felipe.
@lipeswill
Â·
Sep 8
@thalyonfilm
 o #1
1
1.3K","Mary Lame
@mymerryway
Â·
14h
arrival gang!
47"
2-25,@usuario_do_post,"felipe.
@lipeswill
Â·
Sep 8
@thalyonfilm
 o #1
1
1.3K","manu
@luvbilliez
Â·
17h
Parody account
sabe mto
22"
2-26,@usuario_do_post,"felipe.
@lipeswill
Â·
Sep 8
@thalyonfilm
 o #1
1
1.3K","@_yearnlng
Â·
22h
looove her
1
120"
2-27,@usuario_do_post,"felipe.
@lipeswill
Â·
Sep 8
@thalyonfilm
 o #1
1
1.3K","king_of_gamberge
@KendriickLeHmar
Â·
20h
wsh câ€™est 
@rindobaiken
 !!
1
155"
2-28,@usuario_do_post,"felipe.
@lipeswill
Â·
Sep 8
@thalyonfilm
 o #1
1
1.3K","Jordan Miller
@J0Millz
Â·
19h
Shoutout arrival
1
74"
2-29,@usuario_do_post,"felipe.
@lipeswill
Â·
Sep 8
@thalyonfilm
 o #1
1
1.3K","GUTS_ONLY SWORD
@KaimanBitAi
Â·
17h
Great list
42"
2-30,@usuario_do_post,"felipe.
@lipeswill
Â·
Sep 8
@thalyonfilm
 o #1
1
1.3K","Keket
@cathalvi
Â·
17h
Favvvv 
36"
2-31,@usuario_do_post,"felipe.
@lipeswill
Â·
Sep 8
@thalyonfilm
 o #1
1
1.3K","Arian
@yayveryhappy
Â·
10h
Sheâ€™s so me fr fr
33"
2-32,@usuario_do_post,"felipe.
@lipeswill
Â·
Sep 8
@thalyonfilm
 o #1
1
1.3K","shailendra Gill
@shailendraGill
Â·
23h
Good picks by her 
290"
2-33,@usuario_do_post,"felipe.
@lipeswill
Â·
Sep 8
@thalyonfilm
 o #1
1
1.3K","à¹‹à£­ â­‘âš
@anandarlsss
Â·
12h
the handmaiden
20"
2-34,@usuario_do_post,"felipe.
@lipeswill
Â·
Sep 8
@thalyonfilm
 o #1
1
1.3K","mer â˜…
@20sevenofme
Â·
16h
Sheâ€™s just like me (i like the handmaiden too)
85"
2-35,@usuario_do_post,"felipe.
@lipeswill
Â·
Sep 8
@thalyonfilm
 o #1
1
1.3K","hi
@rllylikecinema
Â·
17h
Taste
63"
2-36,@usuario_do_post,"felipe.
@lipeswill
Â·
Sep 8
@thalyonfilm
 o #1
1
1.3K","jake #TIFF50
@nuclearbrodcast
Â·
16h
correct
1
79"
2-37,@usuario_do_post,"felipe.
@lipeswill
Â·
Sep 8
@thalyonfilm
 o #1
1
1.3K","Alejandra?
@a_ardnajela
Â·
1h
The hand maiden and in the mood for love  
9"
2-38,@usuario_do_post,"felipe.
@lipeswill
Â·
Sep 8
@thalyonfilm
 o #1
1
1.3K","kunpirsalata
@kunpirsalata
Â·
22h
nervira me Å¡ta mi se sviÄ‘a
1
104"
2-39,@usuario_do_post,"felipe.
@lipeswill
Â·
Sep 8
@thalyonfilm
 o #1
1
1.3K","Pablo
@pablonoestaa
Â·
4h
Almost Famous is very underated
25"
2-40,@usuario_do_post,"felipe.
@lipeswill
Â·
Sep 8
@thalyonfilm
 o #1
1
1.3K","TairaTime (Dom)
@KattarsKannon
Â·
18h
Almost famous is so good man
63"
2-41,@usuario_do_post,"felipe.
@lipeswill
Â·
Sep 8
@thalyonfilm
 o #1
1
1.3K","E
@rosenvase
Â·
19h
The Handmaiden. 
67"
2-42,@usuario_do_post,"felipe.
@lipeswill
Â·
Sep 8
@thalyonfilm
 o #1
1
1.3K","alcidia â˜†
@lilpookieshit
Â·
4h
oh she is so real
7"
2-43,@usuario_do_post,"felipe.
@lipeswill
Â·
Sep 8
@thalyonfilm
 o #1
1
1.3K","Tagle Tribe
@allegedlyethan
Â·
21h
Of course she knows ball
139"
2-44,@usuario_do_post,"felipe.
@lipeswill
Â·
Sep 8
@thalyonfilm
 o #1
1
1.3K","alisson
@yasame_
Â·
18h
30"
2-45,@usuario_do_post,"felipe.
@lipeswill
Â·
Sep 8
@thalyonfilm
 o #1
1
1.3K","JOANthe
@Tanishqlm10
Â·
22h
In the mood for love 10/10 pick
175"
2-46,@usuario_do_post,"felipe.
@lipeswill
Â·
Sep 8
@thalyonfilm
 o #1
1
1.3K","Connieabsolutely
@CONNORM4RIE
Â·
Sep 8
legendary top 4
831"
3-1,@usuario_do_post,"ritâ¸†â¸‰ğš
@vigilanterit
Â·
23h
kind of flawless
4
675","drums please, fabMV1
@parasollpilea
Â·
23h
The handmaiden, wow. Saw it in a small independent cinema in Stockholm. It was very good,  but the kind of movie I can only watch once.
4
600"
3-2,@usuario_do_post,"ritâ¸†â¸‰ğš
@vigilanterit
Â·
23h
kind of flawless
4
675","JoeyMovieRank-Letterboxd
@EagleSaiyan
Â·
6h
What a great top 4
28"
3-3,@usuario_do_post,"ritâ¸†â¸‰ğš
@vigilanterit
Â·
23h
kind of flawless
4
675","amal
@jjongscomet
Â·
22h
the handmaiden and arrival â€â€â€
4
393"
3-4,@usuario_do_post,"ritâ¸†â¸‰ğš
@vigilanterit
Â·
23h
kind of flawless
4
675","Freng
@anormaldturno
Â·
2h
Almost Famous 
5"
3-5,@usuario_do_post,"ritâ¸†â¸‰ğš
@vigilanterit
Â·
23h
kind of flawless
4
675","é‹
@yat1el
Â·
7h
almost famous!?!? lets fucking goooo
38"
3-6,@usuario_do_post,"ritâ¸†â¸‰ğš
@vigilanterit
Â·
23h
kind of flawless
4
675","jackie daytona
@kayfabekaiju
Â·
12h
The Handmaiden is elite
39"
3-7,@usuario_do_post,"ritâ¸†â¸‰ğš
@vigilanterit
Â·
23h
kind of flawless
4
675","baldurâ€™s gayte
@themaiker_
Â·
20h
The handmaiden??? She knows ball
142"
3-8,@usuario_do_post,"ritâ¸†â¸‰ğš
@vigilanterit
Â·
23h
kind of flawless
4
675","ãŸã 
@cfokyo
Â·
19h
Arrival is so forgotten im glad to see a celebrity appreciates it
1
206"
3-9,@usuario_do_post,"ritâ¸†â¸‰ğš
@vigilanterit
Â·
23h
kind of flawless
4
675","ğ–«ğ—‚ğ—…ğ—’-ğ–©ğ–ºğ—‡ğ–¾,
@herwindingroad
Â·
21h
La amo.
106"
3-10,@usuario_do_post,"ritâ¸†â¸‰ğš
@vigilanterit
Â·
23h
kind of flawless
4
675","sam
@wondruslangu1do
Â·
19h
ARRIVAL IS MY FAVORITE TOO
1
48"
3-11,@usuario_do_post,"ritâ¸†â¸‰ğš
@vigilanterit
Â·
23h
kind of flawless
4
675","worm
@send2davidlynch
Â·
8h
of course her taste is impeccable 
34"
3-12,@usuario_do_post,"ritâ¸†â¸‰ğš
@vigilanterit
Â·
23h
kind of flawless
4
675","swim
@ybtweetz
Â·
18h
YASSSS THE HANDMAIDEN SWEEPS!! I hate how I mention it to anyone and they always go 'you mean the show?' 
1
305"
3-13,@usuario_do_post,"ritâ¸†â¸‰ğš
@vigilanterit
Â·
23h
kind of flawless
4
675","ğ“ƒ®ğ˜›ğ˜¢ğ˜µğ˜¢ğ˜£ğ˜°ğ˜¹ğ“‹¼ğ–¤£ğ–¥§
@tarsianunes
Â·
20h
Arrival is the precious jewelry of my fav director 
131"
3-14,@usuario_do_post,"ritâ¸†â¸‰ğš
@vigilanterit
Â·
23h
kind of flawless
4
675","the kid
@RiveraOscar_1
Â·
21h
elite picks
172"
3-15,@usuario_do_post,"ritâ¸†â¸‰ğš
@vigilanterit
Â·
23h
kind of flawless
4
675","Mary Lame
@mymerryway
Â·
14h
arrival gang!
47"
3-16,@usuario_do_post,"ritâ¸†â¸‰ğš
@vigilanterit
Â·
23h
kind of flawless
4
675","manu
@luvbilliez
Â·
17h
Parody account
sabe mto
22"
3-17,@usuario_do_post,"ritâ¸†â¸‰ğš
@vigilanterit
Â·
23h
kind of flawless
4
675","@_yearnlng
Â·
22h
looove her
1
119"
3-18,@usuario_do_post,"ritâ¸†â¸‰ğš
@vigilanterit
Â·
23h
kind of flawless
4
675","king_of_gamberge
@KendriickLeHmar
Â·
20h
wsh câ€™est 
@rindobaiken
 !!
1
156"
3-19,@usuario_do_post,"ritâ¸†â¸‰ğš
@vigilanterit
Â·
23h
kind of flawless
4
675","GUTS_ONLY SWORD
@KaimanBitAi
Â·
17h
Great list
42"
3-20,@usuario_do_post,"ritâ¸†â¸‰ğš
@vigilanterit
Â·
23h
kind of flawless
4
675","Jordan Miller
@J0Millz
Â·
19h
Shoutout arrival
1
75"
3-21,@usuario_do_post,"ritâ¸†â¸‰ğš
@vigilanterit
Â·
23h
kind of flawless
4
675","Keket
@cathalvi
Â·
17h
Favvvv 
38"
3-22,@usuario_do_post,"ritâ¸†â¸‰ğš
@vigilanterit
Â·
23h
kind of flawless
4
675","Arian
@yayveryhappy
Â·
10h
Sheâ€™s so me fr fr
33"
3-23,@usuario_do_post,"ritâ¸†â¸‰ğš
@vigilanterit
Â·
23h
kind of flawless
4
675","shailendra Gill
@shailendraGill
Â·
23h
Good picks by her 
291"
3-24,@usuario_do_post,"ritâ¸†â¸‰ğš
@vigilanterit
Â·
23h
kind of flawless
4
675","à¹‹à£­ â­‘âš
@anandarlsss
Â·
12h
the handmaiden
20"
3-25,@usuario_do_post,"ritâ¸†â¸‰ğš
@vigilanterit
Â·
23h
kind of flawless
4
675","mer â˜…
@20sevenofme
Â·
16h
Sheâ€™s just like me (i like the handmaiden too)
85"
3-26,@usuario_do_post,"ritâ¸†â¸‰ğš
@vigilanterit
Â·
23h
kind of flawless
4
675","jake #TIFF50
@nuclearbrodcast
Â·
16h
correct
1
80"
3-27,@usuario_do_post,"ritâ¸†â¸‰ğš
@vigilanterit
Â·
23h
kind of flawless
4
675","hi
@rllylikecinema
Â·
17h
Taste
64"
3-28,@usuario_do_post,"ritâ¸†â¸‰ğš
@vigilanterit
Â·
23h
kind of flawless
4
675","Alejandra?
@a_ardnajela
Â·
1h
The hand maiden and in the mood for love  
9"
3-29,@usuario_do_post,"ritâ¸†â¸‰ğš
@vigilanterit
Â·
23h
kind of flawless
4
675","kunpirsalata
@kunpirsalata
Â·
22h
nervira me Å¡ta mi se sviÄ‘a
1
104"
3-30,@usuario_do_post,"ritâ¸†â¸‰ğš
@vigilanterit
Â·
23h
kind of flawless
4
675","Pablo
@pablonoestaa
Â·
4h
Almost Famous is very underated
25"
3-31,@usuario_do_post,"ritâ¸†â¸‰ğš
@vigilanterit
Â·
23h
kind of flawless
4
675","TairaTime (Dom)
@KattarsKannon
Â·
18h
Almost famous is so good man
64"
3-32,@usuario_do_post,"ritâ¸†â¸‰ğš
@vigilanterit
Â·
23h
kind of flawless
4
675","E
@rosenvase
Â·
19h
The Handmaiden. 
68"
3-33,@usuario_do_post,"ritâ¸†â¸‰ğš
@vigilanterit
Â·
23h
kind of flawless
4
675","alcidia â˜†
@lilpookieshit
Â·
4h
oh she is so real
9"
3-34,@usuario_do_post,"ritâ¸†â¸‰ğš
@vigilanterit
Â·
23h
kind of flawless
4
675","Tagle Tribe
@allegedlyethan
Â·
21h
Of course she knows ball
139"
3-35,@usuario_do_post,"ritâ¸†â¸‰ğš
@vigilanterit
Â·
23h
kind of flawless
4
675","Tickmill
@Tickmill
Ad
Spreads baixos. Taxas baixas. Custos de OperaÃ§Ã£o superbaixos. Junte-se Ã  Tickmill.
Criada por traders para trader
From tickmill.com
6
644K"
3-36,@usuario_do_post,"ritâ¸†â¸‰ğš
@vigilanterit
Â·
23h
kind of flawless
4
675","alisson
@yasame_
Â·
18h
30"
3-37,@usuario_do_post,"ritâ¸†â¸‰ğš
@vigilanterit
Â·
23h
kind of flawless
4
675","JOANthe
@Tanishqlm10
Â·
22h
In the mood for love 10/10 pick
175"
3-38,@usuario_do_post,"ritâ¸†â¸‰ğš
@vigilanterit
Â·
23h
kind of flawless
4
675","Connieabsolutely
@CONNORM4RIE
Â·
Sep 8
legendary top 4
831"
3-39,@usuario_do_post,"ritâ¸†â¸‰ğš
@vigilanterit
Â·
23h
kind of flawless
4
675","lemonade
@perdedora1996
Â·
20h
Elite picks
188"
3-40,@usuario_do_post,"ritâ¸†â¸‰ğš
@vigilanterit
Â·
23h
kind of flawless
4
675","cansado
@rogueviv
Â·
21h
Top tier taste
65"
3-41,@usuario_do_post,"ritâ¸†â¸‰ğš
@vigilanterit
Â·
23h
kind of flawless
4
675","transeunte
@ah_eita
Â·
19h
The Handmaiden and In The Mood For Love, especially In The Mood For Love, these are outstanding films, excellent!
311"
3-42,@usuario_do_post,"ritâ¸†â¸‰ğš
@vigilanterit
Â·
23h
kind of flawless
4
675","Mike Albanese
@MikeAlbanese
Â·
18h
Serious ball knower
25"
3-43,@usuario_do_post,"ritâ¸†â¸‰ğš
@vigilanterit
Â·
23h
kind of flawless
4
675","McShnee
@__Shnee__
Â·
23h
But she said Forrest Gump last time 
360"
4-1,@usuario_do_post,,
4-2,@usuario_do_post,,
4-3,@usuario_do_post,,
4-4,@usuario_do_post,,"Pop Base
@PopBase
Â·
20h
Oversight Democrats have released Donald Trumpâ€™s alleged birthday note to Jeffrey Epstein.

The President previously denied writing it.
1K
5.6K
73K
8M"
4-5,@usuario_do_post,,"Childrenâ€™s Health Defense
@ChildrensHD
Â·
14h
RFK JR: â€œIf you get poisoned by Coca-Cola, you can stop drinking Coca-Cola. But if you get poisoned by a vaccine, your kids still have to take that vaccine to get to school.â€

â€œIf you have reservations about it â€¦ youâ€™ve got to take it anyway.â€

â€œAnd then, of course, the
Show more"
4-6,@usuario_do_post,,
4-7,@usuario_do_post,,
4-8,@usuario_do_post,,
4-9,@usuario_do_post,,
4-10,@usuario_do_post,,
5-1,@usuario_do_post,"ğ°ğšğš #TASTE
@ourdochsun
Â·
5h
YEY LISTENING PARTY !!!!
61","Ù‹ kar #TASTE
@dongpudu
Â·
3h
CAN'T WAIT 
11"
5-2,@usuario_do_post,"ğ°ğšğš #TASTE
@ourdochsun
Â·
5h
YEY LISTENING PARTY !!!!
61","ğ¨ğ²ğ¢ğ© #TASTE SOTY
@donghyukei29
Â·
5h
Parody account
yayyy finally 
75"
5-3,@usuario_do_post,"ğ°ğšğš #TASTE
@ourdochsun
Â·
5h
YEY LISTENING PARTY !!!!
61","nadddd | #TASTE â€
@Poppiesball
Â·
3h
Parody account
YEAYYYYY
4"
5-4,@usuario_do_post,"ğ°ğšğš #TASTE
@ourdochsun
Â·
5h
YEY LISTENING PARTY !!!!
61","à£­â­‘ğ“„¹ pundawâ •ğ‘»ğ‘¨ğ‘ºğ‘»ğ‘¬â¦ï¸
@606sunkisspol
Â·
5h
Finallyyy
53"
5-5,@usuario_do_post,"ğ°ğšğš #TASTE
@ourdochsun
Â·
5h
YEY LISTENING PARTY !!!!
61","ğ–¤“han #TASTE
@lvlychanie
Â·
5h
YEAYYY
53"
5-6,@usuario_do_post,"ğ°ğšğš #TASTE
@ourdochsun
Â·
5h
YEY LISTENING PARTY !!!!
61","Richards
@Richards197607
Â·
4h
This creation is full of life and appeal.
18"
5-7,@usuario_do_post,"ğ°ğšğš #TASTE
@ourdochsun
Â·
5h
YEY LISTENING PARTY !!!!
61","Sadiq Musa
@MSdeeQ
Â·
5h
Nice one
10"
5-8,@usuario_do_post,"ğ°ğšğš #TASTE
@ourdochsun
Â·
5h
YEY LISTENING PARTY !!!!
61","Legit meek
@legitmeek4
Â·
5h
æœ€é«˜ã§ã™ã‚ã‚ŠãŒã¨ã†
34"
5-9,@usuario_do_post,"ğ°ğšğš #TASTE
@ourdochsun
Â·
5h
YEY LISTENING PARTY !!!!
61","Legit meek
@legitmeek4
Â·
5h
Great job 
38"
5-10,@usuario_do_post,"ğ°ğšğš #TASTE
@ourdochsun
Â·
5h
YEY LISTENING PARTY !!!!
61","TECH4ALL
@HUAWEI_TECH4ALL
Ad
On International Literacy Day, let's celebrate TECH4ALL and the 
@UNESCO
-Huawei technology-enabled Open Schools project in Brazil that empower students to thrive in the digital era.

How can we make sure no student falls behind, and how can TECH4ALL help? Share your ideas below!
Driving Digital Learning with Open Schools
From huawei.com
1
5
32K"
5-11,@usuario_do_post,"ğ°ğšğš #TASTE
@ourdochsun
Â·
5h
YEY LISTENING PARTY !!!!
61","Legit meek
@legitmeek4
Â·
5h
Cool
26"
5-12,@usuario_do_post,"ğ°ğšğš #TASTE
@ourdochsun
Â·
5h
YEY LISTENING PARTY !!!!
61","Legit meek
@legitmeek4
Â·
5h
Perfectttt
29"
5-13,@usuario_do_post,"ğ°ğšğš #TASTE
@ourdochsun
Â·
5h
YEY LISTENING PARTY !!!!
61","mmoominnie
@mmoominnie23
Â·
5h
Parody account
à¸£à¸­à¸„à¹ˆà¸°
21"
6-1,@usuario_do_post,"kelly
@mahaesibuk
Â·
4h
yeayy
7","ğ°ğšğš #TASTE
@ourdochsun
Â·
5h
YEY LISTENING PARTY !!!!
61"
6-2,@usuario_do_post,"kelly
@mahaesibuk
Â·
4h
yeayy
7","Ù‹ kar #TASTE
@dongpudu
Â·
3h
CAN'T WAIT 
11"
6-3,@usuario_do_post,"kelly
@mahaesibuk
Â·
4h
yeayy
7","ğ¨ğ²ğ¢ğ© #TASTE SOTY
@donghyukei29
Â·
5h
Parody account
yayyy finally 
75"
6-4,@usuario_do_post,"kelly
@mahaesibuk
Â·
4h
yeayy
7","nadddd | #TASTE â€
@Poppiesball
Â·
3h
Parody account
YEAYYYYY
4"
6-5,@usuario_do_post,"kelly
@mahaesibuk
Â·
4h
yeayy
7","à£­â­‘ğ“„¹ pundawâ •ğ‘»ğ‘¨ğ‘ºğ‘»ğ‘¬â¦ï¸
@606sunkisspol
Â·
5h
Finallyyy
53"
6-6,@usuario_do_post,"kelly
@mahaesibuk
Â·
4h
yeayy
7","ğ–¤“han #TASTE
@lvlychanie
Â·
5h
YEAYYY
53"
6-7,@usuario_do_post,"kelly
@mahaesibuk
Â·
4h
yeayy
7","Richards
@Richards197607
Â·
4h
This creation is full of life and appeal.
18"
6-8,@usuario_do_post,"kelly
@mahaesibuk
Â·
4h
yeayy
7","Sadiq Musa
@MSdeeQ
Â·
5h
Nice one
10"
6-9,@usuario_do_post,"kelly
@mahaesibuk
Â·
4h
yeayy
7","Legit meek
@legitmeek4
Â·
5h
æœ€é«˜ã§ã™ã‚ã‚ŠãŒã¨ã†
34"
6-10,@usuario_do_post,"kelly
@mahaesibuk
Â·
4h
yeayy
7","Legit meek
@legitmeek4
Â·
5h
Great job 
38"
6-11,@usuario_do_post,"kelly
@mahaesibuk
Â·
4h
yeayy
7","Marcus
@feitodepoeira
Ad
Feedback recente.  

Agende o seu Mapa VÃ©dico + PrevisÃµes:
LINK nos comentÃ¡rios
1
9
168
1M"
6-12,@usuario_do_post,"kelly
@mahaesibuk
Â·
4h
yeayy
7","Legit meek
@legitmeek4
Â·
5h
Perfectttt
29"
6-13,@usuario_do_post,"kelly
@mahaesibuk
Â·
4h
yeayy
7","Legit meek
@legitmeek4
Â·
5h
Cool
26"
6-14,@usuario_do_post,"kelly
@mahaesibuk
Â·
4h
yeayy
7","mmoominnie
@mmoominnie23
Â·
5h
Parody account
à¸£à¸­à¸„à¹ˆà¸°
21"
7-1,@usuario_do_post,,
7-2,@usuario_do_post,,
7-3,@usuario_do_post,,"127
6.3K
57K
1.2M"
7-4,@usuario_do_post,,"Congressman Randy Fine
@RepFine
Â·
Sep 7
Iâ€™m going to introduce legislation to hold judges accountable when violent repeat offenders they release commit new crimes.

Itâ€™s easy to release criminals when youâ€™re protected by an armed bailiff at all times. The rest of us arenâ€™t so lucky. 

Those 12+ judges that released
Show more
5K
17K
96K
12M"
8-1,@usuario_do_post,"$kylar
@TravelingMutts
Â·
14h
I love this Country, but  I am disgusted everyday with sooooo much. 
1
10
72","Conservative Waters
@ConservativeH2O
Â·
15h
The Democratic Party elites think that keeping these violent criminals on the street helps them somehow.
2
5
16
436"
8-2,@usuario_do_post,"$kylar
@TravelingMutts
Â·
14h
I love this Country, but  I am disgusted everyday with sooooo much. 
1
10
72","Bryan Beatty
@BryanB8
Â·
15h
Democrats are hideous. Yes, this is because of Democrat policies.
3
15
84"
8-3,@usuario_do_post,"$kylar
@TravelingMutts
Â·
14h
I love this Country, but  I am disgusted everyday with sooooo much. 
1
10
72","ğ•©Simon Wu
@sisisimon
Â·
14h
Yes this need to stop!!  Boss I see a common denominator!!  Are we all just gonna ignore it?  Like what they do in the uk??  
1
2
13
2.4K"
8-4,@usuario_do_post,"$kylar
@TravelingMutts
Â·
14h
I love this Country, but  I am disgusted everyday with sooooo much. 
1
10
72","Beau Sargent
@Beau__Sargent
Â·
15h
When a man with six prior arrests can still walk free to destroy a childâ€™s life, the system isnâ€™t broken â€” itâ€™s complicit.
2
15
195"
8-5,@usuario_do_post,"$kylar
@TravelingMutts
Â·
14h
I love this Country, but  I am disgusted everyday with sooooo much. 
1
10
72","Jake
@KindOfJake
Â·
12h
Fun Fact: Both White and Hispanic offenders are often classified as White in crime stats. This misleads people to believe that Whites are committing more crimes than they actually are. When each race is recorded separately, more often than not, blacks are the leading offenders 
1
1
5
765"
8-6,@usuario_do_post,"$kylar
@TravelingMutts
Â·
14h
I love this Country, but  I am disgusted everyday with sooooo much. 
1
10
72","John
@noahsflood_
Â·
13h
I want the judge that released him to go to prison for life.
2
2
16
206"
8-7,@usuario_do_post,"$kylar
@TravelingMutts
Â·
14h
I love this Country, but  I am disgusted everyday with sooooo much. 
1
10
72","7Cricket5
@stormmaker25
Â·
15h
At what point do we not just start taking more drastic measures?
1
3
11
216"
8-8,@usuario_do_post,"$kylar
@TravelingMutts
Â·
14h
I love this Country, but  I am disgusted everyday with sooooo much. 
1
10
72","Heidi has Surrendered
@TheAussieGirl33
Â·
15h
Throw out all of the Judges, replace them with Morally Decent ones. 
The current Judges are obviously working for the Devil if they allow Child Rapists free.
1
2
10
122"
8-9,@usuario_do_post,"$kylar
@TravelingMutts
Â·
14h
I love this Country, but  I am disgusted everyday with sooooo much. 
1
10
72","Airtight
@_Airtight
Â·
51m
We donâ€™t have to live like this
3"
8-10,@usuario_do_post,"$kylar
@TravelingMutts
Â·
14h
I love this Country, but  I am disgusted everyday with sooooo much. 
1
10
72","Georgiana Balanica
@GeorgianaB83826
Â·
14h
This is all by design and the facts show most if not all the perpetrators are black! Why???
1
1
5
108"
8-11,@usuario_do_post,"$kylar
@TravelingMutts
Â·
14h
I love this Country, but  I am disgusted everyday with sooooo much. 
1
10
72","Matt Yemma
@RealMattYemma
Â·
13h
Youâ€™re a super powerful dude. Do something more than tweeting.
1
7
65"
8-12,@usuario_do_post,"$kylar
@TravelingMutts
Â·
14h
I love this Country, but  I am disgusted everyday with sooooo much. 
1
10
72","TÃ¼nde BodnÃ¡r
@tunde_bodnar
Â·
15h
Time to hold the judges accountable!
2
5
98"
8-13,@usuario_do_post,"$kylar
@TravelingMutts
Â·
14h
I love this Country, but  I am disgusted everyday with sooooo much. 
1
10
72","Mike
@yourmikeo
Â·
15h
How is this American?  WHO released him again?
10
578"
8-14,@usuario_do_post,"$kylar
@TravelingMutts
Â·
14h
I love this Country, but  I am disgusted everyday with sooooo much. 
1
10
72","Alex HernÃ¡ndez
@AlexHdezRD
Â·
15h
I don't know how it's possible that a large portion of the American people haven't realized that their country is being attacked from within by very powerful enemies whose sole purpose is to destroy them... and the reaction of those who have noticed is very poor!
5
178"
8-15,@usuario_do_post,"$kylar
@TravelingMutts
Â·
14h
I love this Country, but  I am disgusted everyday with sooooo much. 
1
10
72","Michael Vickery
@Michael38684688
Â·
15h
They keep saying it's because they're mental. So we turn some Prisons into ""Mental Institutions"".
2
2
8
178"
8-16,@usuario_do_post,"$kylar
@TravelingMutts
Â·
14h
I love this Country, but  I am disgusted everyday with sooooo much. 
1
10
72","The Ãoge Whisperer
@DeFrancesco_A
Â·
15h
How can a judge who appointed to uphold the law and most likely has their own kids EVER do something like this???
1
1
743"
8-17,@usuario_do_post,"$kylar
@TravelingMutts
Â·
14h
I love this Country, but  I am disgusted everyday with sooooo much. 
1
10
72","Gourav
@Gourav_crypto
Â·
15h
Stop it
3
5
482"
8-18,@usuario_do_post,"$kylar
@TravelingMutts
Â·
14h
I love this Country, but  I am disgusted everyday with sooooo much. 
1
10
72","Gary P. Nabhan
@GaryPNabhan
Â·
15h
When Democrats tell you repeatedly that their objective is to eliminate whiteness, BELIEVE THEM!
1
20
774"
8-19,@usuario_do_post,"$kylar
@TravelingMutts
Â·
14h
I love this Country, but  I am disgusted everyday with sooooo much. 
1
10
72","Goyim King
@Lucky_Larry33
Â·
14h
It's time to get tough. We must not be looked at as people you can F with anymore. We tried generosity and they never reciprocated. We're done. That ship has sailed. Welcome to the new America.
1
1
6
262"
8-20,@usuario_do_post,"$kylar
@TravelingMutts
Â·
14h
I love this Country, but  I am disgusted everyday with sooooo much. 
1
10
72","Marian Jordan Sassi
@SassiJordan
Â·
15h
It renders one speechless.
2
5
66"
8-21,@usuario_do_post,"$kylar
@TravelingMutts
Â·
14h
I love this Country, but  I am disgusted everyday with sooooo much. 
1
10
72","Bruce Alder
@BruceAlder48
Â·
15h
This is just the tip of the iceberg.  Judges and prosecutors need to be held liable for criminals with multiple convictions for serious crimes. Prosecutors need to be held responsible for downgrading serious crimes for expediency.
1
20
170"
8-22,@usuario_do_post,"$kylar
@TravelingMutts
Â·
14h
I love this Country, but  I am disgusted everyday with sooooo much. 
1
10
72","Silent Majority Rising
@BuiltByFathers
Â·
7h
This is beyond monstrous. A predator with a violent history, r*ping a 4-year-old, and released anyway?

Justice is failing our most vulnerable. The system must protect children first â€” not release killers. 

He is not fit for society, he has forfeit his right to live in it. He
Show more
1
1
58"
8-23,@usuario_do_post,"$kylar
@TravelingMutts
Â·
14h
I love this Country, but  I am disgusted everyday with sooooo much. 
1
10
72","Faadi_79
@fahdraza79
Â·
14h
Defense Attorneys are very strong 
@elonmusk
1
1
6
85"
8-24,@usuario_do_post,"$kylar
@TravelingMutts
Â·
14h
I love this Country, but  I am disgusted everyday with sooooo much. 
1
10
72","tsgdeal
@tsgtrading
Â·
14h
Finally fighting for the right things
1
1
9
79"
8-25,@usuario_do_post,"$kylar
@TravelingMutts
Â·
14h
I love this Country, but  I am disgusted everyday with sooooo much. 
1
10
72","Chainrated
@Chainrated_
Â·
15h
We all know why nobody has stopped it..
17
633"
8-26,@usuario_do_post,"$kylar
@TravelingMutts
Â·
14h
I love this Country, but  I am disgusted everyday with sooooo much. 
1
10
72","Gains
@MissionGains
Â·
15h
We need to stop all these guys, including that dwarf one too ice just grabbed, you seen him elon? he looks a little like you oddly
7
17
2.1K"
8-27,@usuario_do_post,"$kylar
@TravelingMutts
Â·
14h
I love this Country, but  I am disgusted everyday with sooooo much. 
1
10
72","Cindy Runner
@runner_cin74464
Â·
15h
Rape of a defenseless child should warrant the DEATH PENALTY!!
1
3
21
127"
8-28,@usuario_do_post,"$kylar
@TravelingMutts
Â·
14h
I love this Country, but  I am disgusted everyday with sooooo much. 
1
10
72","Texas Minuteman
@TX_Minuteman
Â·
13h
It's about time citizens bring justice into their own hands if the government won't.
1
7
752"
8-29,@usuario_do_post,"$kylar
@TravelingMutts
Â·
14h
I love this Country, but  I am disgusted everyday with sooooo much. 
1
10
72","Sardonic Realist
@SardonicRealist
Â·
13h
On an unrelated note, the hunting season in the United States usually begins in the fall.
1
8
343"
8-30,@usuario_do_post,"$kylar
@TravelingMutts
Â·
14h
I love this Country, but  I am disgusted everyday with sooooo much. 
1
10
72","M. R. Mathias
@DahgMahn
Â·
14h
The people who got him out should be in prison. Immediate, Outlaw Justice would take place in Oklahoma's prison system. Child abusers get abused from day one, here.
4
223"
9-1,@usuario_do_post,,
9-2,@usuario_do_post,,
9-3,@usuario_do_post,,"39
315
7.7K
307K"
9-4,@usuario_do_post,,"TheEuropeanLad
@ThaEuropeanLad
Â·
22h
Danny Drinkwater

Vards was always on another level before games. Heâ€™d crack open a Red Bull, chug it down then go absolutely mental he starts sprinting in circles around the dressing room, screaming, â€˜Iâ€™m a f***ing cheetah! Letâ€™s go, boys, cheetah speed!â€™ Heâ€™s dodging kit
Show more
126
1.2K
22K
1.8M"
10-1,@usuario_do_post,"richard webb
@TheeGreenKnight
Â·
22h
Is it called    ""The Equality Act ?""

or the ....""Act"" of the Equality Act ?    
1
1.1K","My Dream
@lebahai70989
Â·
4h
Pnut saved America, can this painting save England?
51"
10-2,@usuario_do_post,"richard webb
@TheeGreenKnight
Â·
22h
Is it called    ""The Equality Act ?""

or the ....""Act"" of the Equality Act ?    
1
1.1K","RAGHUWANSHI
@Ranjeetraghu_
Â·
3h
Nepal Prime Minister KP Oli house is burnt down.
176"
10-3,@usuario_do_post,"richard webb
@TheeGreenKnight
Â·
22h
Is it called    ""The Equality Act ?""

or the ....""Act"" of the Equality Act ?    
1
1.1K","Pandora- The Ultimate
@Pandora_1o1
Â·
15h
A strong Yes
791"
10-4,@usuario_do_post,"richard webb
@TheeGreenKnight
Â·
22h
Is it called    ""The Equality Act ?""

or the ....""Act"" of the Equality Act ?    
1
1.1K","Mitch in the O
@mitchintheO
Â·
17h
Hell yes
114"
10-5,@usuario_do_post,"richard webb
@TheeGreenKnight
Â·
22h
Is it called    ""The Equality Act ?""

or the ....""Act"" of the Equality Act ?    
1
1.1K","sa_farmer
@FollowerThreads
Â·
1h
Yes
5"
10-6,@usuario_do_post,"richard webb
@TheeGreenKnight
Â·
22h
Is it called    ""The Equality Act ?""

or the ....""Act"" of the Equality Act ?    
1
1.1K","Viewer
@Viewer2006
Â·
17h
It sends a message that resonates
1
164"
10-7,@usuario_do_post,"richard webb
@TheeGreenKnight
Â·
22h
Is it called    ""The Equality Act ?""

or the ....""Act"" of the Equality Act ?    
1
1.1K","Jamie Dickerson
@dicke76477
Â·
3h
Where is St. Georgeâ€™s cross?
1
31"
10-8,@usuario_do_post,"richard webb
@TheeGreenKnight
Â·
22h
Is it called    ""The Equality Act ?""

or the ....""Act"" of the Equality Act ?    
1
1.1K","Richard Lomax
@Richard70641109
Â·
4h
Keep posting the mural. Include labour ministers. 
@YvetteCooperMP
  UK justice.
1
65"
10-9,@usuario_do_post,"richard webb
@TheeGreenKnight
Â·
22h
Is it called    ""The Equality Act ?""

or the ....""Act"" of the Equality Act ?    
1
1.1K","Chamelia
@Chamaerion
Â·
21h
No. Itâ€™s one-sided, as everything Banksy does.
8
19
1.7K"
10-10,@usuario_do_post,"richard webb
@TheeGreenKnight
Â·
22h
Is it called    ""The Equality Act ?""

or the ....""Act"" of the Equality Act ?    
1
1.1K","Insatiably Unstable(unstable/Acc)
@Webers47
Â·
2h
Love it
11"
10-11,@usuario_do_post,"richard webb
@TheeGreenKnight
Â·
22h
Is it called    ""The Equality Act ?""

or the ....""Act"" of the Equality Act ?    
1
1.1K","Joe Boehm
@Atlasshrugssoon
Â·
16h
1
37"
10-12,@usuario_do_post,"richard webb
@TheeGreenKnight
Â·
22h
Is it called    ""The Equality Act ?""

or the ....""Act"" of the Equality Act ?    
1
1.1K","Ratkin
@Ratkin1
Â·
19h
1
224"
10-13,@usuario_do_post,"richard webb
@TheeGreenKnight
Â·
22h
Is it called    ""The Equality Act ?""

or the ....""Act"" of the Equality Act ?    
1
1.1K","ELEV8Earnings
@ELEV8Earnings
Â·
5h
186"
10-14,@usuario_do_post,"richard webb
@TheeGreenKnight
Â·
22h
Is it called    ""The Equality Act ?""

or the ....""Act"" of the Equality Act ?    
1
1.1K","Joel Howard
@JoelHow61340934
Â·
19h
217"
10-15,@usuario_do_post,"richard webb
@TheeGreenKnight
Â·
22h
Is it called    ""The Equality Act ?""

or the ....""Act"" of the Equality Act ?    
1
1.1K","Elandarius
@alexeinmegas
Â·
6h
Real
26"
10-16,@usuario_do_post,"richard webb
@TheeGreenKnight
Â·
22h
Is it called    ""The Equality Act ?""

or the ....""Act"" of the Equality Act ?    
1
1.1K","MAGA
@ryoung3069
Â·
12h
Yes
51"
10-17,@usuario_do_post,"richard webb
@TheeGreenKnight
Â·
22h
Is it called    ""The Equality Act ?""

or the ....""Act"" of the Equality Act ?    
1
1.1K","JJ C
@ZigZag8123
Â·
15h
Yes.
1
47"
10-18,@usuario_do_post,"richard webb
@TheeGreenKnight
Â·
22h
Is it called    ""The Equality Act ?""

or the ....""Act"" of the Equality Act ?    
1
1.1K","Tom Karren - Vibe Coder
@tomkarren
Â·
17h
Brilliant as they say over there.
1
170"
10-19,@usuario_do_post,"richard webb
@TheeGreenKnight
Â·
22h
Is it called    ""The Equality Act ?""

or the ....""Act"" of the Equality Act ?    
1
1.1K","Rexbunny
@Cosimo_Due
Â·
16h
UK justice! Rendered accurately.  
@10DowningStreet
2
1K"
10-20,@usuario_do_post,"richard webb
@TheeGreenKnight
Â·
22h
Is it called    ""The Equality Act ?""

or the ....""Act"" of the Equality Act ?    
1
1.1K","Danielle Kaeser
@Ka51660Kaeser
Â·
10h
Why is the protester BLACK?!?!
6
209"
10-21,@usuario_do_post,"richard webb
@TheeGreenKnight
Â·
22h
Is it called    ""The Equality Act ?""

or the ....""Act"" of the Equality Act ?    
1
1.1K","Ritametermaid23
@Ritametermaid23
Â·
20h
I love it
2
382"
10-22,@usuario_do_post,"richard webb
@TheeGreenKnight
Â·
22h
Is it called    ""The Equality Act ?""

or the ....""Act"" of the Equality Act ?    
1
1.1K","bsk
@ifloorit959
Â·
19h
It was appropriateâ€¦ but sadly already gone.
2
418"
10-23,@usuario_do_post,"richard webb
@TheeGreenKnight
Â·
22h
Is it called    ""The Equality Act ?""

or the ....""Act"" of the Equality Act ?    
1
1.1K","Lee Brillhart
@leebrill
Â·
48m
Brilliant
2"
10-24,@usuario_do_post,"richard webb
@TheeGreenKnight
Â·
22h
Is it called    ""The Equality Act ?""

or the ....""Act"" of the Equality Act ?    
1
1.1K","Greg
@mrrockywater
Â·
10h
London is notorious for CCTV cameras, so who's Banksy?
6
272"
10-25,@usuario_do_post,"richard webb
@TheeGreenKnight
Â·
22h
Is it called    ""The Equality Act ?""

or the ....""Act"" of the Equality Act ?    
1
1.1K","Stephen Sparks
@u4devildog
Â·
19h
2
264"
10-26,@usuario_do_post,"richard webb
@TheeGreenKnight
Â·
22h
Is it called    ""The Equality Act ?""

or the ....""Act"" of the Equality Act ?    
1
1.1K","MANUEL C.
@manolitodefina
Â·
57s
YES"
10-27,@usuario_do_post,"richard webb
@TheeGreenKnight
Â·
22h
Is it called    ""The Equality Act ?""

or the ....""Act"" of the Equality Act ?    
1
1.1K","The Crazy And Wild
@CrazyAndWildArt
Â·
9h
definitely
594"
10-28,@usuario_do_post,"richard webb
@TheeGreenKnight
Â·
22h
Is it called    ""The Equality Act ?""

or the ....""Act"" of the Equality Act ?    
1
1.1K","Rachael Misek
@Rax_Trillions
Â·
8h
Yes
10"
10-29,@usuario_do_post,"richard webb
@TheeGreenKnight
Â·
22h
Is it called    ""The Equality Act ?""

or the ....""Act"" of the Equality Act ?    
1
1.1K","Larry Runge
@EmmerJenson
Â·
18h
1
150"
10-30,@usuario_do_post,"richard webb
@TheeGreenKnight
Â·
22h
Is it called    ""The Equality Act ?""

or the ....""Act"" of the Equality Act ?    
1
1.1K","halcyon hodlings
@28halcyon75
Â·
1h
Yes.. 100% 
14"
10-31,@usuario_do_post,"richard webb
@TheeGreenKnight
Â·
22h
Is it called    ""The Equality Act ?""

or the ....""Act"" of the Equality Act ?    
1
1.1K","HODL â‚¿udda
@Bitcoin_Budda
Â·
1h
Whatâ€™s not to like about it?
35"
10-32,@usuario_do_post,"richard webb
@TheeGreenKnight
Â·
22h
Is it called    ""The Equality Act ?""

or the ....""Act"" of the Equality Act ?    
1
1.1K","Barry S Wulfe
@b_wulfe
Â·
9h
I donâ€™t like it. I  it!
64"
10-33,@usuario_do_post,"richard webb
@TheeGreenKnight
Â·
22h
Is it called    ""The Equality Act ?""

or the ....""Act"" of the Equality Act ?    
1
1.1K","Matthew Thomason
@Matthew56193629
Â·
2h
As far as taggers go, Bansky's one of the better ones.
42"
10-34,@usuario_do_post,"richard webb
@TheeGreenKnight
Â·
22h
Is it called    ""The Equality Act ?""

or the ....""Act"" of the Equality Act ?    
1
1.1K","Michael
@mike__snow1
Â·
16h
Accurate.
1
676"
10-35,@usuario_do_post,"richard webb
@TheeGreenKnight
Â·
22h
Is it called    ""The Equality Act ?""

or the ....""Act"" of the Equality Act ?    
1
1.1K","XMAN
@XMAN__Official
Â·
3h
Never before have I seen such an accurate depiction of the legal system.
1
84"
10-36,@usuario_do_post,"richard webb
@TheeGreenKnight
Â·
22h
Is it called    ""The Equality Act ?""

or the ....""Act"" of the Equality Act ?    
1
1.1K","Derek Brad
@DerekBradPhoto
Â·
15h
Of course yes.  Come on this was an easy question
1
971"
10-37,@usuario_do_post,"richard webb
@TheeGreenKnight
Â·
22h
Is it called    ""The Equality Act ?""

or the ....""Act"" of the Equality Act ?    
1
1.1K","liz Dragon
@lizzielouMex
Â·
19h
It's certainly apt and everyone knows it
1
452"
10-38,@usuario_do_post,"richard webb
@TheeGreenKnight
Â·
22h
Is it called    ""The Equality Act ?""

or the ....""Act"" of the Equality Act ?    
1
1.1K","HenriPcr
@HenriPcr35330
Â·
11h
yes
1
22"
10-39,@usuario_do_post,"richard webb
@TheeGreenKnight
Â·
22h
Is it called    ""The Equality Act ?""

or the ....""Act"" of the Equality Act ?    
1
1.1K","Juan
@coreforjustice
Â·
4h
Yes 
533"
10-40,@usuario_do_post,"richard webb
@TheeGreenKnight
Â·
22h
Is it called    ""The Equality Act ?""

or the ....""Act"" of the Equality Act ?    
1
1.1K","jo
@jonas_mid
Â·
5h
brilliant
15"
10-41,@usuario_do_post,"richard webb
@TheeGreenKnight
Â·
22h
Is it called    ""The Equality Act ?""

or the ....""Act"" of the Equality Act ?    
1
1.1K","Zwarte Henk
@WimKoning
Â·
1h
Great work.
10"
10-42,@usuario_do_post,"richard webb
@TheeGreenKnight
Â·
22h
Is it called    ""The Equality Act ?""

or the ....""Act"" of the Equality Act ?    
1
1.1K","Time traveler
@tamartin00
Â·
16h
Do you?
1K"
1-1,@,"Verstappen News
@verstappenews
Â·
4h
Max doing the Pirelli tyre test today with the RB19 
25
437
6.3K
101K","Autosport
@autosport
Â·
Sep 8
Max Verstappen will end the ground effect era (2022-2025) with at least a 50% win rate 
54
896
27K
507K"
1-2,@,"Verstappen News
@verstappenews
Â·
4h
Max doing the Pirelli tyre test today with the RB19 
25
437
6.3K
101K","Laura
@formuLau16
Â·
22h
Heineken on Instagram 

""Max didn't even give us time to finsih""
39
999
22K
381K"
1-3,@,"Verstappen News
@verstappenews
Â·
4h
Max doing the Pirelli tyre test today with the RB19 
25
437
6.3K
101K","cinn
@MV1GOLD
Â·
18h
Real time gap between Max and the Mclarens.

I love to see it.
0:01 / 0:25
75
1.8K
18K
556K"
1-1,@,"1024
@1024updates
Â·
3h
[] 250909 | MINGI

#ATEEZ #ì—ì´í‹°ì¦ˆ #MINGI
4
536
1.4K
16K","ATEEZ(ì—ì´í‹°ì¦ˆ) Updates
@ATEEZUD
Â·
7h
Fan account
[] Mrs. GREEN APPLE presentsã€CEREMONYã€ [ATEEZ / Lemon Drop]

 
youtu.be/hoVs8Wpx9e0?si
â€¦
.
#ATEEZ #ì—ì´í‹°ì¦ˆ #ã‚¨ã‚¤ãƒ†ã‚£ãƒ¼ã‚º 
@ATEEZofficial
264
1.2K
14K"
1-2,@,"1024
@1024updates
Â·
3h
[] 250909 | MINGI

#ATEEZ #ì—ì´í‹°ì¦ˆ #MINGI
4
536
1.4K
16K","Irene | AhgaTiny
@lovelifebeauty_
Â·
10h
Yunho said that he and San give off different feelings/vibes. 
If San is â€œtough/strong on the outside, soft/gentle on the insideâ€ (ì™¸ê°•ë‚´ìœ ), then Yunho is â€œgentle/soft on the outside, strong/tough on the insideâ€ (ì™¸ìœ ë‚´ê°•).
From 
ì¹˜ì‚°
1
479
2K
29K"
1-3,@,"1024
@1024updates
Â·
3h
[] 250909 | MINGI

#ATEEZ #ì—ì´í‹°ì¦ˆ #MINGI
4
536
1.4K
16K","za
@zhouang1024
Â·
11h
yunho is in san francisco as he received an invitation from apple head office to attend a new product launch tomorrow and tour apple hq and he even took a photo with apple ceo tim cook 
4
878
3.6K
57K"
2-1,@,"1024
@1024updates
Â·
3h
[] 250909 | MINGI

#ATEEZ #ì—ì´í‹°ì¦ˆ #MINGI
4
535
1.4K
16K","ATEEZ(ì—ì´í‹°ì¦ˆ) Updates
@ATEEZUD
Â·
7h
Fan account
[] Mrs. GREEN APPLE presentsã€CEREMONYã€ [ATEEZ / Lemon Drop]

 
youtu.be/hoVs8Wpx9e0?si
â€¦
.
#ATEEZ #ì—ì´í‹°ì¦ˆ #ã‚¨ã‚¤ãƒ†ã‚£ãƒ¼ã‚º 
@ATEEZofficial
264
1.2K
14K"
2-2,@,"1024
@1024updates
Â·
3h
[] 250909 | MINGI

#ATEEZ #ì—ì´í‹°ì¦ˆ #MINGI
4
535
1.4K
16K","Irene | AhgaTiny
@lovelifebeauty_
Â·
10h
Yunho said that he and San give off different feelings/vibes. 
If San is â€œtough/strong on the outside, soft/gentle on the insideâ€ (ì™¸ê°•ë‚´ìœ ), then Yunho is â€œgentle/soft on the outside, strong/tough on the insideâ€ (ì™¸ìœ ë‚´ê°•).
From 
ì¹˜ì‚°
1
480
2K
29K"
2-3,@,"1024
@1024updates
Â·
3h
[] 250909 | MINGI

#ATEEZ #ì—ì´í‹°ì¦ˆ #MINGI
4
535
1.4K
16K","za
@zhouang1024
Â·
11h
yunho is in san francisco as he received an invitation from apple head office to attend a new product launch tomorrow and tour apple hq and he even took a photo with apple ceo tim cook 
4
876
3.6K
57K"
